{"6040_4_4": {"0": {"number": 0, "area": 0.0, "perimeter": 0}, "1": {"number": 0, "area": 0.0, "perimeter": 0}, "2": {"number": 0, "area": 0.0, "perimeter": 0}, "3": {"number": 7, "area": 0.018892596320806608, "perimeter": 23585}, "4": {"number": 1901, "area": 0.029151649928915214, "perimeter": 79598}, "5": {"number": 0, "area": 0.0, "perimeter": 0}, "6": {"number": 0, "area": 0.0, "perimeter": 0}, "7": {"number": 0, "area": 0.0, "perimeter": 0}, "8": {"number": 0, "area": 0.0, "perimeter": 0}, "9": {"number": 0, "area": 0.0, "perimeter": 0}}, "6120_2_0": {"0": {"number": 573, "area": 0.01798012626965565, "perimeter": 44150}, "1": {"number": 1193, "area": 0.007257379628282173, "perimeter": 91943}, "2": {"number": 1, "area": 0.008505458852341101, "perimeter": 7243}, "3": {"number": 4, "area": 0.04402593680997164, "perimeter": 105760}, "4": {"number": 1542, "area": 0.05635217206576957, "perimeter": 105243}, "5": {"number": 67, "area": 0.7959097507357836, "perimeter": 95928}, "6": {"number": 0, "area": 0.0, "perimeter": 0}, "7": {"number": 0, "area": 0.0, "perimeter": 0}, "8": {"number": 6, "area": 0.00013758480140433618, "perimeter": 399}, "9": {"number": 11, "area": 4.05372509450533e-05, "perimeter": 277}}, "6120_2_2": {"0": {"number": 1962, "area": 0.2065704176204323, "perimeter": 322143}, "1": {"number": 3201, "area": 0.020388986613901473, "perimeter": 297261}, "2": {"number": 1, "area": 0.04254749069260834, "perimeter": 22739}, "3": {"number": 33, "area": 0.0865325720893352, "perimeter": 141254}, "4": {"number": 1452, "area": 0.04434671049992731, "perimeter": 92925}, "5": {"number": 20, "area": 0.10292942874108159, "perimeter": 20629}, "6": {"number": 0, "area": 0.0, "perimeter": 0}, "7": {"number": 6, "area": 0.002858898948031798, "perimeter": 1815}, "8": {"number": 9, "area": 7.582836315100125e-05, "perimeter": 408}, "9": {"number": 548, "area": 0.0015604675776751344, "perimeter": 12259}}, "6140_3_1": {"0": {"number": 565, "area": 0.052014738842000065, "perimeter": 83115}, "1": {"number": 563, "area": 0.014349136048966548, "perimeter": 99707}, "2": {"number": 1, "area": 0.03425162091916906, "perimeter": 26528}, "3": {"number": 19, "area": 0.025188747003429768, "perimeter": 71237}, "4": {"number": 1110, "area": 0.058852141921832045, "perimeter": 91889}, "5": {"number": 37, "area": 0.5739588232625962, "perimeter": 66022}, "6": {"number": 0, "area": 0.0, "perimeter": 0}, "7": {"number": 9, "area": 0.004664004051841292, "perimeter": 2044}, "8": {"number": 3, "area": 4.20697570844967e-05, "perimeter": 154}, "9": {"number": 46, "area": 0.0003578169075355399, "perimeter": 1560}}, "6170_4_1": {"0": {"number": 0, "area": 0.0, "perimeter": 0}, "1": {"number": 0, "area": 0.0, "perimeter": 0}, "2": {"number": 0, "area": 0.0, "perimeter": 0}, "3": {"number": 2, "area": 0.001348558705733606, "perimeter": 2605}, "4": {"number": 4245, "area": 0.20221357017091973, "perimeter": 371875}, "5": {"number": 0, "area": 0.0, "perimeter": 0}, "6": {"number": 0, "area": 0.0, "perimeter": 0}, "7": {"number": 0, "area": 0.0, "perimeter": 0}, "8": {"number": 0, "area": 0.0, "perimeter": 0}, "9": {"number": 0, "area": 0.0, "perimeter": 0}}, "6070_2_3": {"0": {"number": 109, "area": 0.01552402231862173, "perimeter": 17239}, "1": {"number": 81, "area": 0.0030767886778809298, "perimeter": 20893}, "2": {"number": 2, "area": 0.00813488015396381, "perimeter": 14808}, "3": {"number": 0, "area": 0.0, "perimeter": 0}, "4": {"number": 41, "area": 0.16043924937076767, "perimeter": 25205}, "5": {"number": 0, "area": 0.0, "perimeter": 0}, "6": {"number": 24, "area": 0.10632493154329654, "perimeter": 30471}, "7": {"number": 3, "area": 0.0005425575102887243, "perimeter": 738}, "8": {"number": 0, "area": 0.0, "perimeter": 0}, "9": {"number": 13, "area": 5.8356411427401284e-05, "perimeter": 373}}, "6040_1_0": {"0": {"number": 0, "area": 0.0, "perimeter": 0}, "1": {"number": 0, "area": 0.0, "perimeter": 0}, "2": {"number": 0, "area": 0.0, "perimeter": 0}, "3": {"number": 5, "area": 0.014446037134963119, "perimeter": 21043}, "4": {"number": 2446, "area": 0.08006239297810343, "perimeter": 162538}, "5": {"number": 0, "area": 0.0, "perimeter": 0}, "6": {"number": 0, "area": 0.0, "perimeter": 0}, "7": {"number": 0, "area": 0.0, "perimeter": 0}, "8": {"number": 0, "area": 0.0, "perimeter": 0}, "9": {"number": 0, "area": 0.0, "perimeter": 0}}, "6040_1_3": {"0": {"number": 0, "area": 0.0, "perimeter": 0}, "1": {"number": 0, "area": 0.0, "perimeter": 0}, "2": {"number": 0, "area": 0.0, "perimeter": 0}, "3": {"number": 1, "area": 0.0020185194950369835, "perimeter": 3397}, "4": {"number": 3982, "area": 0.18737596746651033, "perimeter": 335589}, "5": {"number": 2, "area": 0.036609704572031054, "perimeter": 4902}, "6": {"number": 0, "area": 0.0, "perimeter": 0}, "7": {"number": 0, "area": 0.0, "perimeter": 0}, "8": {"number": 0, "area": 0.0, "perimeter": 0}, "9": {"number": 0, "area": 0.0, "perimeter": 0}}, "6160_2_1": {"0": {"number": 0, "area": 0.0, "perimeter": 0}, "1": {"number": 0, "area": 0.0, "perimeter": 0}, "2": {"number": 0, "area": 0.0, "perimeter": 0}, "3": {"number": 8, "area": 0.027986378323401537, "perimeter": 62007}, "4": {"number": 2432, "area": 0.10271325066999641, "perimeter": 184004}, "5": {"number": 0, "area": 0.0, "perimeter": 0}, "6": {"number": 0, "area": 0.0, "perimeter": 0}, "7": {"number": 0, "area": 0.0, "perimeter": 0}, "8": {"number": 0, "area": 0.0, "perimeter": 0}, "9": {"number": 0, "area": 0.0, "perimeter": 0}}, "6100_2_2": {"0": {"number": 633, "area": 0.031800729563525455, "perimeter": 61516}, "1": {"number": 454, "area": 0.008188338618526898, "perimeter": 92703}, "2": {"number": 1, "area": 0.011902926722589831, "perimeter": 8494}, "3": {"number": 27, "area": 0.03722186719204151, "perimeter": 80330}, "4": {"number": 878, "area": 0.07608889801352894, "perimeter": 97327}, "5": {"number": 11, "area": 0.4431477783256344, "perimeter": 31890}, "6": {"number": 4, "area": 0.018822500086151432, "perimeter": 14427}, "7": {"number": 1, "area": 0.0005118261750099407, "perimeter": 362}, "8": {"number": 13, "area": 0.00010010539420663235, "perimeter": 533}, "9": {"number": 101, "area": 0.00024185849537894548, "perimeter": 1884}}, "6140_1_2": {"0": {"number": 1607, "area": 0.1292113244688965, "perimeter": 213455}, "1": {"number": 1111, "area": 0.02448837954614473, "perimeter": 163652}, "2": {"number": 1, "area": 0.0035383151074097467, "perimeter": 3397}, "3": {"number": 9, "area": 0.041461192274900346, "perimeter": 112517}, "4": {"number": 817, "area": 0.031026612566681128, "perimeter": 57555}, "5": {"number": 27, "area": 0.4959098780268975, "perimeter": 52748}, "6": {"number": 0, "area": 0.0, "perimeter": 0}, "7": {"number": 75, "area": 0.0014150870526100728, "perimeter": 3767}, "8": {"number": 0, "area": 0.0, "perimeter": 0}, "9": {"number": 23, "area": 8.56614757207787e-05, "perimeter": 654}}, "6170_2_4": {"0": {"number": 0, "area": 0.0, "perimeter": 0}, "1": {"number": 1, "area": 1.061132783704079e-05, "perimeter": 44}, "2": {"number": 0, "area": 0.0, "perimeter": 0}, "3": {"number": 4, "area": 0.025070003847496383, "perimeter": 40580}, "4": {"number": 2115, "area": 0.07784430777670541, "perimeter": 158609}, "5": {"number": 2, "area": 0.4953260989686211, "perimeter": 12752}, "6": {"number": 0, "area": 0.0, "perimeter": 0}, "7": {"number": 1, "area": 8.887062556747596e-05, "perimeter": 248}, "8": {"number": 0, "area": 0.0, "perimeter": 0}, "9": {"number": 0, "area": 0.0, "perimeter": 0}}, "6110_1_2": {"0": {"number": 1584, "area": 0.1313140624173836, "perimeter": 222726}, "1": {"number": 1420, "area": 0.028616054925321342, "perimeter": 188378}, "2": {"number": 1, "area": 0.004192316212922187, "perimeter": 3390}, "3": {"number": 10, "area": 0.041817356409174784, "perimeter": 113360}, "4": {"number": 855, "area": 0.03315416260592745, "perimeter": 63458}, "5": {"number": 28, "area": 0.497791688213629, "perimeter": 51651}, "6": {"number": 0, "area": 0.0, "perimeter": 0},